{"lab": {"confirmatory": 7.524068464998808, "eurotunnel": 6.528015649515471, "fertilisers": 5.7619666650287495, "indicative": 5.464967457422972, "beckett": 4.599588472639786, "extension": 4.405494801692342, "propositions": 4.2728433614546475, "registrations": 4.268101549327579, "pubs": 4.224455760580678, "organic": 4.157070236938835, "grantham": 4.149986613669114, "pub": 3.8061974450107603, "beer": 3.724076065507956, "deadlock": 3.6561720010061527, "fracking": 3.599028093902544, "honda": 3.547237629452989, "si": 3.5099512601551086, "packaging": 3.5088302849309656, "impasse": 3.404633234010188, "letwin": 3.374073333545437, "wednesday": 3.316610231603175, "defeated": 3.0258175974709824, "tuc": 2.973912298930082, "foods": 2.8943317382009175, "oliver": 2.894331738200917, "chemicals": 2.8446844635736355, "panel": 2.777960481404195, "recycling": 2.757617264565699, "rejected": 2.7424108519436095, "fossil": 2.7312734562468717, "zealand": 2.7186360879528064, "instrument": 2.6546605340885536, "tomorrow": 2.650642308376355, "resigned": 2.6457553850608146, "arbitration": 2.5930619571515146, "votes": 2.588360345602541, "dorset": 2.5871303565765014, "undemocratic": 2.5834156585708388, "proposition": 2.562271862124671, "tonight": 2.5596807918736473, "botched": 2.5262917184592433, "twice": 2.5081378097640483, "derby": 2.4885720525100843, "trade-": 2.4671381766161358, "pontefract": 2.4582326233942435, "crashing": 2.4471379625247236, "freeze": 2.444963318162381, "commonwealth": 2.43666497071328, "no-": 2.412636256679725, "castleford": 2.4005171255379563, "uprating": 2.3809921653102695, "normanton": 2.365270801739415, "countryside": 2.364405876629043, "declaration": 2.360557805722894, "hilary": 2.3205689692217137, "benn": 2.289790307671425, "indefinitely": 2.259911708757937, "credible": 2.257622624515878, "margaret": 2.2451475642339322, "yvette": 2.2362687465554933, "betrayal": 2.2362687465554933, "rare": 2.235328880046103, "revoke": 2.210669221000258, "clock": 2.1951221039704727, "options": 2.189706262920306, "cancelled": 2.177631559421151, "cooper": 2.1766217401725805, "incompetence": 2.1722394205162416, "diseases": 2.1722394205162416, "producers": 2.1614073092565746, "default": 2.1511023008648364, "australia": 2.1437863874141585, "compromise": 2.1230872708306334, "mess": 2.1223184838334115, "juncker": 2.1102036319008604, "tusk": 2.106291959440442, "consensus": 2.103814165716924, "crash": 2.09773037653769, "database": 2.0823072091683272, "m": 2.0823072091683272, "motor": 2.0815886460649957, "margin": 2.0712095002849966, "towns": 2.0712095002849966, "motions": 2.0649369032694667, "confirmation": 2.0435972690771367, "attorney": 2.0392901664102445, "approved": 2.0388607225871365, "motion": 2.0351679727166743, "nine": 2.014065593181388, "nick": 2.013028429196467, "meaningful": 2.001377216490032, "frustration": 2.000573957691936, "alignment": 1.9944523013009587, "saturday": 1.9907596678649804, "plastic": 1.9899093981831484, "shortages": 1.9771895909463553, "feed": 1.971329137916079, "facilitate": 1.9497228333630108, "deprived": 1.9129474163682645, "chemical": 1.8657088583473218, "medicine": 1.8351421420514722, "april": 1.8276524689505063, "repeatedly": 1.8231724220005847, "dates": 1.7999074784676021, "failed": 1.790776466715474, "binding": 1.7866141900999473, "leeds": 1.781702883090012, "drafting": 1.7817028830900117, "express": 1.7779063150019325, "ruled": 1.765056217158005, "divided": 1.7576907608361692, "downing": 1.7528480204178267, "chaos": 1.749677260809883, "dispatch": 1.7437037800197779, "thursday": 1.7408691655814341, "spring": 1.724558975986403, "herself": 1.7219554200514953, "african": 1.7148479083337602, "landscape": 1.6825474164304504, "preferred": 1.6706715707012678, "anger": 1.6706715707012678, "animal": 1.6678538060537884, "whip": 1.667143118827156, "monday": 1.6549581220612628, "manufacturers": 1.6543235766137843, "cbi": 1.6452836848634165, "imports": 1.6280315206416516, "windrush": 1.6166436368195152, "january": 1.6099747726756362, "dead": 1.6066161765319205, "sis": 1.6046957835150673, "oppose": 1.587512005105923, "d": 1.5667369174242083, "deliberately": 1.5655694522252461, "waste": 1.551652013782709, "march": 1.5508546498064386, "disastrous": 1.545865739089375, "zero": 1.5406947835862168, "patients": 1.5294529471643026, "poverty": 1.5285127265408502, "protocol": 1.5245450435928873, "statutory": 1.5147365020592225, "pretend": 1.508181970067726, "livelihoods": 1.4999811105976693, "letter": 1.4858126491041728, "majority": 1.4839256876537192, "faith": 1.4823961430215498, "b": 1.4685449978303815, "box": 1.4673215972559974, "passing": 1.465275432598946, "reject": 1.4642206932338415, "purpose": 1.45996351147336, "medicines": 1.455909849035051, "ballot": 1.4523952578370518, "paul": 1.4477728517492048, "lines": 1.4415569302614242, "ruling": 1.4367268637200417, "e": 1.4296634711974727, "evening": 1.4233962838555723, "command": 1.4059453714729793, "unions": 1.393455684698703, "scandal": 1.3923956589045854, "responded": 1.3923956589045854, "sought": 1.3891356646148625, "defeat": 1.3867982117993891, "deadline": 1.377636501632171, "failure": 1.3766124057305074, "hostile": 1.365354438658821, "catastrophic": 1.3619888966016946, "withdrawal": 1.3568806080390834, "caroline": 1.3426316916115097, "climate": 1.3328606892909813, "pass": 1.3273078589084142, "inevitable": 1.321038367319523, "proposing": 1.318730906747466, "transparent": 1.3144806512973604, "sit": 1.3142853560192675, "version": 1.3113435040087118, "occasions": 1.309369237479761, "prime": 1.3017837047464742, "mps": 1.295560196639011, "changed": 1.2893533217110316, "agrees": 1.285437728344142, "deal": 1.277683682548296, "integrated": 1.2768564239612705, "maybe": 1.2768564239612705, "she": 1.276330423214954, "father": 1.2667934568987758, "conversation": 1.2616401571619504, "repeated": 1.2567651534410733, "refuse": 1.2529438040169423, "process": 1.2426683196313906, "warned": 1.2388243410401076, "paragraph": 1.2362245876035025, "option": 1.2360938850267786, "section": 1.2151189116837102, "late": 1.212096796833, "promises": 1.2097293643664246, "damaging": 1.2095764332246588, "lobby": 1.1933813702789409, "refused": 1.1918909827074597, "chance": 1.1917431655924853, "nissan": 1.1848662820805638, "sitting": 1.1584606940559146, "event": 1.1581061774137942, "days": 1.1382020549435803, "remedies": 1.1373390893550084, "unilateral": 1.1362194915176205, "find": 1.1355464800153237, "starmer": 1.1349350978953836, "february": 1.1322299382308594, "commons": 1.1311290918258814, "closing": 1.1267674767753086, "failing": 1.1262236022894785, "reach": 1.1216389271281368, "claimed": 1.1201191007659428, "copy": 1.1172380313294017, "reckless": 1.1172380313294017, "confirm": 1.1156442366296402, "legally": 1.114677528861106, "delayed": 1.113501222001435, "attempt": 1.1124162509046023, "minister": 1.1106334380709022, "automotive": 1.1085131993571204, "extend": 1.105295123384968, "tabled": 1.104401383861053, "alternative": 1.1040741341906233, "japan": 1.1032497664436753, "break": 1.1021413598368877, "order": 1.0993478043253955, "keir": 1.0981765478852659, "devastating": 1.0958114735180748, "george": 1.0938278029470152, "o": 1.081701874102639, "series": 1.07278192010375, "speaker": 1.0699537816567695, "interpretation": 1.0687827628904565, "decided": 1.0611288166843256, "irresponsible": 1.0607928843396583, "round": 1.06025028829513, "vote": 1.0555004780553352, "length": 1.052830970970142, "article": 1.0502466068495495, "stakeholders": 1.0470200347179257, "animals": 1.0426403480882256, "occasion": 1.0390768793441878, "tory": 1.036095647141129, "drugs": 1.0357204155663717, "swansea": 1.0333774267592577, "unless": 1.0303962658567845, "consultation": 1.0293893245903694, "divisions": 1.0196307130280657, "transport": 1.0141159780467044, "warm": 1.0131523986952238, "sorry": 1.011338044307598, "narrow": 1.010180066887437, "backstop": 1.0052649816303325, "short": 1.0041827431392285, "her": 1.0002355779259589}, "con": {"organics": 9.167307972247368,